ContactId,Type,BusinessStreet,BusinessStreet2,BusinessStreet3,BusinessCity,BusinessState,BusinessPostalCode
1844,Business 1,"309 North Water Street, Suite 505",,,Milwaukee,50,53202
1845,Business 1,400 Essex Street,,,Beverly,22,01915
1846,Business 1,100 North Washington Street,,,Boston,22,02114
1847,Business 1,"121 Middlesex Tpk, Suite 201",,,Burlington,22,01803
1848,Business 1,"1150 Main Street, Suite 10",,,Concord,22,01742
1849,Business 1,1 Chestnut Street,,,Arlington,22,02474
1850,Business 1,"1330 Boylston Street, 5th Floor",,,Chestnut Hill,22,02467
1852,Business 1,128 Wheeler Rd.,,,Burlington,22,01803
1853,Business 1,"85 Wells Avenue, Suite 109",,,Newton,22,02459
1854,Business 1,"31 Schoosett Street, Suite 305",,,Pembroke,22,02359
1859,Business 1,317 W 83rd St,,,New York,33,10024
1860,Business 1,"One Market, Steuart Tower, Suite 1800",,,San Francisco,5,94105-1409
1861,Business 1,40 Ten Acre Road,,,New Britain,7,06052
1862,Business 1,"Three Copley Place, Suite 3300",,,Boston,22,02116
1863,Business 1,210 Humphrey Street Suite 107,,,Marblehead,22,01945
1865,Business 1,3 E 66th St,,,New York,33,10065
1866,Business 1,130 Bowdoin Street,,,Boston,22,02108
1867,Business 1,One Post Office Square Suite 3850,,,Boston,22,02109
1871,Business 1,"One Gateway Center, 308 Washington St Suite 305",,,Newton,22,02458
1872,Business 1,"One Post Office Square, 6th Floor",,,Boston,22,02109
1873,Business 1,"One Post Office Square, 6th Floor",,,Boston,22,02109
1874,Business 1,"One Post Office Square, 6th Floor",,,Boston,22,02109
1875,Business 1,"One Post Office Square, 6th Floor",,,Boston,22,02109
1876,Business 1,246 Walnut Street,,,Newton,22,02460
1877,Business 1,"200 East Randolph Drive, Suite 2900",,,Chicago,14,60601
1879,Business 1,"Three Embarcadero Center, 10th Floor",,,San Francisco,5,94111-4024
1880,Business 1,1 Beacon Street,,,Boston,22,02108
1881,Business 1,Riverside Center,"275 Grove Street, Suite 2-400",,Newton,22,02466
1882,Business 1,One Winthrop Square,,,Boston,22,02110
1884,Business 1,"65-75, Network Drive,",,,"Burlington, MA",22,01803
1885,Business 1,"75 Arlington Street, Suite 500",,,Boston,22,02116
1886,Business 1,131 Dartmouth Street,,,Boston,22,02116
1889,Business 1,2000 Washington St Suite 222,,,Newton,22,02462
1890,Business 1,125 High Street,,,Boston,22,02110
1891,Business 1,125 High Street,,,Boston,22,02110
1892,Business 1,125 High Street,,,Boston,22,02110
1893,Business 1,101 Federal Street #1900,,,Boston,22,02110-1861
1895,Business 1,40 Soldiers Field Place,,,Boston,22,02135-1104
1896,Business 1,"40 Walnut Street, Suite 302",,,Wellesley,22,02481
1897,Business 1,P.O. Box 391355,,,Mountain View,5,94039
1899,Business 1,210 University Blvd Ste 900,,,"Denver, CO",6,80206
1900,Business 1,"535 Madison Avenue, 19th Floor",,,New York,33,10022
1903,Business 1,399 Park Avenue,,,New York,33,10022-4689
1904,Business 1,One Federal Street,,,Boston,22,02110-1726
1905,Business 1,One Federal Street,,,Boston,22,02110-1726
1906,Business 1,One Federal Street,,,Boston,22,02110-1726
1908,Business 1,38C Grove Street,,,Ridgefield,7,06877
1909,Business 1,345 Park Avenue,,,New York,33,10154
1910,Business 1,345 Park Avenue,,,New York,33,10154-0191
1912,Business 1,787 7th Avenue,,,New York,33,10019
1913,Business 1,201 Washington Street,,,Boston,22,02108-4408
1914,Business 1,1450 Brickell Ave.,,,Miami,10,33131
1918,Business 1,77 Franklin Street,,,Boston,22,02110
1919,Business 1,"84 State Street, Suite 940",,,Boston,22,02109
1920,Business 1,One Winthrop Square,,,Boston,22,02110
1921,Business 1,One Winthrop Square,,,Boston,22,02110-1209
1922,Business 1,198 Tremont Street,,,Boston,22,02116
1925,Business 1,771 Commonwealth Avenue,,,Boston,22,02215
1926,Business 1,"10 Tremont Street, Suite 600",,,Boston,22,02108
1927,Business 1,"CityPlace II, 11th Floor",185 Asylum Street,,Hartford,7,06103
1928,Business 1,415 South Street (MS 035),,,Waltham,22,02454-9110
1929,Business 1,"200 High Street, Floor 2",,,Boston,22,02110
1930,Business 1,"200 High Street, Floor 2",,,Boston,22,02110
1931,Business 1,"200 High Street, Floor 2",,,Boston,22,02110
1932,Business 1,"200 High Street, Floor 2",,,Boston,22,02110
1933,Business 1,3548 Ashbourne Circle SUITE 202,,,San Ramon,5,94583-6014
1934,Business 1,"160 Gould Street, Suite 320",,,Needham,22,02494-2300
1935,Business 1,70 Shaw Rd,,,Chestnut Hill,22,02467
1936,Business 1,78 Shore Rd,,,Ashland,22,01721
1937,Business 1,P.O. Box 185307,,,Hamden,7,06518-0307
1938,Business 1,15 West Brookfield Road,,,Brookfield,22,01506
1940,Business 1,"180 Wells Avenue, Suite 106",,,Newton,22,02459
1941,Business 1,"180 Wells Avenue, Suite 106",,,Newton,22,02459
1943,Business 1,"99 High Street, 10th Floor",,,Boston,22,02110
1944,Business 1,One Financial Center,,,Boston,22,02111
1945,Business 1,540 Main St.,,,Hyannis,22,02601
1946,Business 1,65 Front Street,,,Hamilton,59,HM12
1947,Business 1,"18 Commerce Way, Suite 1650",,,Woburn,22,01801
1948,Business 1,43 Broad Street,,,Hudson,22,01749
1949,Business 1,43 Broad Street,,,Hudson,22,01749
1950,Business 1,43 Broad Street,,,Hudson,22,01749
1951,Business 1,4550 Montgomery Ave. Suite 1000N,,,Bethesda,21,20814
1952,Business 1,Department of Psychiatry,26 Winsor Ave.,,Watertown,22,02472
1955,Business 1,"100 Wilshire Blvd., Suite 1200",,,Santa Monica,5,90401
1958,Business 1,4533 Old State Route 56,,,Arthens,36,45701
1959,Business 1,55 Garrison Road,,,Brookline,22,02446
1960,Business 1,13 Kirkland Place,,,Cambridge,22,02138
1961,Business 1,430 E 56th St,,,New York,33,10022
1964,Business 1,5 Turner St,,,Waltham,22,02453
1965,Business 1,303 Congress Street,,,Boston,22,02210
1966,Business 1,303 Congress Street,,,Boston,22,02210
1967,Business 1,303 Congress Street,,,Boston,22,02210
1968,Business 1,303 Congress Street,,,Boston,22,02210
1969,Business 1,"424 S. 27th St., Suite 304",,,Pittsburgh,39,15203
1970,Business 1,"11111 Santa Monica Boulevard, 15th Floor",,,Los Angeles,5,90025
1971,Business 1,"11111 Santa Monica Boulevard, 15th Floor",,,Los Angeles,5,90025
1972,Business 1,500 Boylston Street,,,Boston,22,02116
1973,Business 1,700 Pleasant Street,,,New Bedford,22,02740
1974,Business 1,1 Heritage Drive,,,Bedford,22,01730
1976,Business 1,"100 Federal Street, 29th Floor",,,Boston,22,02110
1977,Business 1,"One Main Street, Suite 1370",,,Cambridge,22,02142
1980,Business 1,370 Great Pond Rd.,,,North Andover,22,01845
1981,Business 1,875 Main Street,,,Cambrigde,22,02139
1982,Business 1,251 Ballardvale Street,,,Wilmington,22,01887
1986,Business 1,Harston Mill,Harston,,Cambridge,59,CB22 7GG
1988,Business 1,Harborside Plaza 10,"3, Second Street 6th Floor",,Jersey City,31,07311
1990,Business 1,"20 William Street, Suite G-75",,,Wellesley,22,02481
1994,Business 1,77 Franklin Street Floor 3,,,Boston,22,02110-1510
1996,Business 1,"1099 18th St., Ste. 3000",,,Denver,6,80202
1997,Business 1,1730 Massachusetts Ave,,,Cambridge,22,02142
1998,Business 1,1 Oak Grove Ave,,,Melrose,22,02176
1999,Business 1,1 W Foster Street,,,Melrose,22,02176
2000,Business 1,"101 Federal Street, Suite 800",,,Boston,22,02110
2001,Business 1,"101 Federal Street, Suite 800",,,Boston,22,02110
2002,Business 1,161 Middle Road,,,Brentwood,30,03833
2003,Business 1,28 Shermans Way,,,Westwood,22,02090
2004,Business 1,"601 South Figueroa Street, Suite 2000",,,Los Angeles,5,90017-5726
2005,Business 1,25 Leverett St,,,Keene,30,03431
2007,Business 1,One Verney Drive,,,Greenfield,30,03047
2009,Business 1,"4520 East West Highway, Suite 610",,,Bethesda,21,20814
2010,Business 1,Totten Pond Road Office Park,"375 Totten Pond Road, Suite 200",,Waltham,22,02451
2011,Business 1,49 Bennett Street,,,Brighton,22,02135
2013,Business 1,50 Damico Dr,,,Marlborough,22,01752-1852
2014,Business 1,"230 Third Avenue, 3rd Floor",,,Waltham,22,02451
2015,Business 1,"230 Third Avenue, 3rd Floor",,,Waltham,22,02451
2016,Business 1,"100 High Street, Suite 1102",,,Boston,22,02110
2017,Business 1,"100 High Street, Suite 1102",,,Boston,22,02110
2020,Business 1,"281 Summer Street, 4th Floor",,,Boston,22,02210
2025,Business 1,"12355 Sunrise Valley Drive, Suite 650",,,Reston,47,20191
2026,Business 1,1331 Grafton St?reet,,,Worcester,22,01604
2027,Business 1,One International Place,,,Boston,22,02110
2028,Business 1,One International Place,,,Boston,22,02110
2030,Business 1,170 Milk Street,,,Boston,22,02108
2031,Business 1,200 Berkeley Street,,,Boston,22,02116
2032,Business 1,320 Norwood Park South,,,Norwood,22,02062-4659
2033,Business 1,7 Wells Avenue,,,Newton,22,02459
2034,Business 1,7 Wells Avenue,,,Newton,22,02459
2035,Business 1,100 High Street 28TH FLOOR,,,Boston,22,02110
2042,Business 1,One International Place 12 TH FLOOR,,,Boston,22,02110
2043,Business 1,104 Crofton Rd,,,Waban,22,02468
2045,Business 1,"10 High Street, Suite 803",,,Boston,22,02109
2046,Business 1,"10 High Street, Suite 803",,,Boston,22,02109
2047,Business 1,"40 Wall Street, 42nd Floor",,,New York,33,10005
2048,Business 1,39 Emerson Rd. Suite 215,,,Waltham,22,02451
2050,Business 1,"333 South Grand Avenue, 18th Floor",,,Los Angeles,5,90071
2051,Business 1,265 Franklin St,,,Boston,22,02110
2052,Business 1,"197 1st Avenue, Ste. 100",,,Needham,22,02494
2053,Business 1,Two International Place,,,Boston,22,02110
2054,Business 1,Two International Place,,,Boston,22,02110
2055,Business 1,Two International Place,,,Boston,22,02110
2056,Business 1,Two International Place,,,Boston,22,02110
2057,Business 1,Two International Place,,,Boston,22,02110
2058,Business 1,"245 First Street, 18th Floor, Suite 1800",,,Cambridge,22,02142
2059,Business 1,"160 Federal Street, 9th Floor",,,Boston,22,02110
2060,Business 1,"160 Federal Street, 9th Floor",,,Boston,22,02110
2061,Business 1,"160 Federal Street, 9th Floor",,,Boston,22,02110
2062,Business 1,"160 Federal Street, 9th Floor",,,Boston,22,02110
2065,Business 1,400 West Cummings Park,,,Woburn,22,01801
2067,Business 1,1140 Big Bend Station Drive,,,Valley Park,26,63088-1431
2068,Business 1,150 East 42nd Street,,,New York,33,10017
2070,Business 1,94 Station Street,,,Hingham,22,02043
2071,Business 1,Enel Green Power S.p.A.,Viale Regina Margherita,,Rome,59,125 - 00198
2072,Business 1,"75 State Street, 6th Floor",,,Boston,22,02109
2073,Business 1,64 Church Street,,,Winchester,22,01890
2074,Business 1,"75 Federal Street, 16th Floor",,,Boston,22,02110
2075,Business 1,"125 High Street, 29th Floor",,,Boston,22,02110
2076,Business 1,"125 High Street, 29th Floor",,,Boston,22,02110
2079,Business 1,279 Bishops Forest Dr,,,Waltham,22,02452
2080,Business 1,One Newton Executive Park,"2221 Washington Street, Suite 201",,Newton,22,02462
2081,Business 1,P.O. Box 1072,,,Watertown,22,02471-1072
2082,Business 1,"10 Langley Road, Suite 401",,,Newton Centre,22,02459
2083,Business 1,"6701 Democracy Boulevard, Suite 150",,,Bethesda,21,20817
2084,Business 1,"200 Lincoln Street, #201",,,Boston,22,02111
2086,Business 1,"175 Great Neck Road , Suite 250",,,Great Neck,33,11021
2088,Business 1,"Ten Post Office Square, 8th Floor",,,Boston,22,02109
2090,Business 1,200 Seaport Boulevard,,,Boston,22,02210
2091,Business 1,500 Salem Street,,,Smithfield,40,02917
2092,Business 1,"4601 Touchton Rd E, Bldg 400",,,Jacksonville,10,32246-4484
2093,Business 1,801 Boylston Street,,,Boston,22,02116
2094,Business 1,200 Seaport Boulevard,,,Boston,22,02210
2095,Business 1,One Destiny Way,,,Westlake,44,76262
2096,Business 1,200 Seaport Blvd Mailzone Z2A,,,Boston,22,02210
2101,Business 1,200 Seaport Boulevard,,,Boston,22,02210
2103,Business 1,200 Seaport Boulevard,,,Boston,22,02210
2107,Business 1,"800 El Camino Real, Suite 200",,,Menlo Park,5,94025
2108,Business 1,380 Washington Street,,,Wellesley,22,02481
2109,Business 1,"1900 Avenue of the Stars, Suite 900",,,Los Angeles,5,90067
2110,Business 1,299 Park Avenue,,,New York,33,10171
2111,Business 1,299 Park Avenue,,,New York,33,10171
2112,Business 1,299 Park Avenue,,,New York,33,10171
2113,Business 1,2 Manhattanville Road,,,Purchase,33,10577
2114,Business 1,13100 Skyline Boulevard,,,Woodside,5,94062
2115,Business 1,"404 Wyman Street, Suite 275",,,Waltham,22,02451-1264
2116,Business 1,"404 Wyman Street, Suite 275",,,Waltham,22,02451-1264
2117,Business 1,1901 Main Street,,,Lake Como,31,07719
2118,Business 1,1901 Main Street,,,Lake Como,31,07719
2119,Business 1,1901 Main Street,,,Lake Como,31,07719
2120,Business 1,1901 Main Street,,,Lake Como,31,07719
2121,Business 1,1901 Main Street,,,Lake Como,31,07719
2122,Business 1,502 Carnegie Center # 104,,,Princeton,31,08540-6289
2123,Business 1,"4900 SW Meadows Road, Suite 300",,,Lake Oswego,38,97035
2124,Business 1,360 Park Avenue South,,,New York,33,10010
2125,Business 1,313 Washington Street,,,Newton,22,02458
2126,Business 1,1700 Broadway,,,NY,33,10019
2127,Business 1,99 Summer Street,,,Boston,22,02110
2128,Business 1,99 Summer Street,,,Boston,22,02110
2129,Business 1,125 High Street,,,Boston,22,02110-2757
2134,Business 1,20 Marcia Rd,,,Watertown,22,02472
2136,Business 1,"One Bryant Park, 48th Floor",,,New York,33,10036
2138,Business 1,"300 First Avenue, Suite 102",,,Needham,22,02494
2139,Business 1,"300 First Avenue, Suite 102",,,Needham,22,02494
2140,Business 1,14250 Cherry Street,,,Guerneville,5,94556
2141,Business 1,55 Water Street,,,New York,33,10041
2142,Business 1,77A Junction Square Drive,,,Concord,22,01742
2143,Business 1,305 Washington Street,,,Newton,22,02458
2144,Business 1,70 Walnut Street,,,Wellesley Hills,22,02481
2145,Business 1,"77 Summer Street, 8th Floor",,,Boston,22,02110-1006
2146,Business 1,"77 Summer Street, Suite 800",,,Boston,22,02110-1006
2147,Business 1,"77 Summer Street, 8th floor",,,Boston,22,02110-1006
2149,Business 1,Exchange Place 53 State Street,,,Boston,22,02109
2150,Business 1,400 Atlantic Avenue,,,Boston,22,02110-3333
2151,Business 1,19 Quincy Ave.,,,Quincy,22,02169-6709
2152,Business 1,31 Washington St.,,,Wellesley,22,02481
2153,Business 1,"1400 Computer Drive, 3rd Floor",,,Westborough,22,01581
2154,Business 1,"1400 Computer Drive, 3rd Floor",,,Westborough,22,01581
2159,Business 1,160 2nd St # 3,,,Cambridge,22,02142
2160,Business 1,160 Second Street,,,Cambridge,22,02142
2161,Business 1,9 Cedar Hills,,,Weston,7,06883
2162,Business 1,"265 Franklin Street, 12th Floor",,,Boston,22,02110
2165,Business 1,One Moody Street,,,Waltham,22,02453-5339
2166,Business 1,140 Gould Street,,,Needham,22,02494
2167,Business 1,"45 East Putnam Ave., Suite 128",,,Greenwich,7,06830
2168,Business 1,15 Broad St.,,,Boston,22,02109
2171,Business 1,"225 Franklin Street, 26th Floor",,,Boston,22,02110
2173,Business 1,893 West Street,,,Amherst,22,01002
2175,Business 1,"564 Main Street, Suite 300",,,Waltham,22,02452
2178,Business 1,60 State Street,,,Boston,22,02109
2179,Business 1,"60 State Street, Suite 800",,,Boston,22,02109
2181,Business 1,High Frequency Economics,100 Summit Lake Drive,,Valhalla,33,10595
2182,Business 1,1 Beacon Street,,,Boston,22,02108
2183,Business 1,"10 St. James Avenue, 11th Floor",,,Boston,22,02116
2184,Business 1,"5201 East Terrace Drive, Suite 380",,,Madison,50,53718
2185,Business 1,"75 Federal Street, Suite 1100",,,Boston,22,02110-1911
2187,Business 1,110 Cedar Street,,,Wellesley Hills,22,02481
2188,Business 1,PO Box 40783,,,Providence,40,02940
2189,Business 1,"150A Andover Street, Suite 4-B",,,Danvers,22,01923
2190,Business 1,1930 Broadway,,,New York,33,10023
2191,Business 1,"760 Chief Justice Cushing Hwy., Suite 3A",,,Cohasset,22,02025
2193,Business 1,18 Kenton Rd,,,Jamaica Plain,22,02130
2198,Business 1,53 South Main Street,,,Ipswich,22,01938
2200,Business 1,55 Garrison Road,,,Brookline,22,02446
2201,Business 1,640 Washington Street,,,Brighton,22,02135
2202,Business 1,"34 Deloss Street, Floor 1",,,Framingham,22,01702
2203,Business 1,245 Parkview Ct.,,,Litchfield Park,3,85340
2204,Business 1,121 Mount Vernon Street,,,Boston,22,02108
2205,Business 1,"726 Madison Avenue, FLOOR 1",,,New York,33,10021
2206,Business 1,"4 Militia Drive, Suite 14",,,Lexington,22,02421
2207,Business 1,70 Shaw Rd,,,Chestnut Hill,22,02467-3122
2212,Business 1,551 W Cordova Rd #710,,,Santa Fe,32,87505
2214,Business 1,"One Boston Place, 26th floor",,,Boston,22,02108
2215,Business 1,"5300 Meadows Road, Suite 250",,,Lake Oswego,38,97035-8234
2216,Business 1,"5300 Meadows Road, Suite 250",,,Lake Oswego,38,97035-8234
2219,Business 1,301 Spencer Dr,,,Amherst,22,01002-3366
2220,Business 1,6 W. Main Street,,,Chillicothe,36,45601
2221,Business 1,670 W End Ave,,,New York,33,10025
2222,Business 1,38 Pleasant Street,,,Gloucester,22,01930
2224,Business 1,"1 Federal Street, 29TH FLOOR",,,Boston,22,02110
2225,Business 1,50 Rowes Wharf 4TH FLOOR,,,Boston,22,02110
2228,Business 1,225R Concord Avenue,,,Cambridge,22,02138
2229,Business 1,225R Concord Avenue,,,Cambridge,22,02138
2230,Business 1,60 State Street,,,Boston,22,01760
2231,Business 1,"800 South Street, Suite 300",,,Waltham,22,02453
2232,Business 1,"800 South Street, Suite 300",,,Waltham,22,02453
2234,Business 1,"150 Grossman Drive, Suite 309",,,Braintree,22,02184
2235,Business 1,"160 Speen Street, Suite 301",,,Framingham,22,01701
2237,Business 1,"One Beacon Street, 8th Floor",,,Boston,22,02108-3107
2238,Business 1,16 Union Park,,,Boston,22,02118
2239,Business 1,First Needham Place,"250 First Avenue, Suite 101",,Needham,22,02494-2805
2240,Business 1,First Needham Place,"250 First Avenue, Suite 101",,Needham,22,02494-2805
2243,Business 1,"20 William Street, Suite G75",,,Wellesley,22,02481
2244,Business 1,Peninsula Plaza,"2424 N. Federal Highway, Suite 450",,Boca Raton,10,33431
2245,Business 1,1770 Massachusetts Ave. #321,,,Cambridge,22,02140-2808
2249,Business 1,10 Madison Ave,,,Groveland,22,01834
2250,Business 1,"275 Grove Street, Suite 2-400",,,Newton,22,02466-2273
2251,Business 1,102 Lakeshore Drive,,,Wayland,22,01778
2252,Business 1,161 Lewis Rd,,,Belmont,22,02478
2253,Business 1,1776 K St NW,,,Washington,9,20006
2255,Business 1,"Four Copley Place, Suite 4400A",,,Boston,22,02116
2256,Business 1,"612 W. Main Street, Suite 200",,,Madison,50,53703
2257,Business 1,22 Elm St,,,Worcester,22,01608
2258,Business 1,"600 Jefferson Street, Suite 300",,,Houston,44,77002
2259,Business 1,"1215 West Baltimore Pike, Suite 8",,,Media,39,19063
2260,Business 1,12 Waltham St,,,Lexington,22,02421
2263,Business 1,2029 Stierlin Court,,,Mountain View,5,94043
2264,Business 1,54 Buckingham St,,,Cambridge,22,02138-2228
2267,Business 1,"600 Mason Ridge Center Drive, Suite 100",,,St. Louis,26,63141
2268,Business 1,230 Congress Street,,,Boston,22,02110
2269,Business 1,60 State Street,,,Boston,22,02109
2270,Business 1,"60 State Street, 9th floor",,,Boston,22,02109
2271,Business 1,"75 State Street, 24th Floor",,,Boston,22,02109
2274,Business 1,3657 Main Street,P.O. Box 416,,Manchester,46,05254
2276,Business 1,"101 Federal Street, Suite 2505",,,Boston,22,02110
2277,Business 1,"53 State Street, 38th Floor",,,Boston,22,02109
2278,Business 1,14 Morse Street,,,Watertown,22,02472
2279,Business 1,34 Tierney St,,,Cambridge,22,02138
2281,Business 1,"703 Hebron Avenue, 3rd Floor",,,Glastonbury,7,06033
2283,Business 1,One International Place,,,Boston,22,02110
2284,Business 1,60 Walnut Street,,,Wellesley,22,02481
2286,Business 1,Bny Mellon Center,201 Washington Street,,Boston,22,02108-4408
2287,Business 1,BNY Mellon Center,201 Washington Street,,Boston,22,02108-4408
2290,Business 1,18 Wiseman Dr,,,Peabody,22,01960-1715
2291,Business 1,"30 Monument Square, Suite 214",,,Concord,22,01742
2293,Business 1,One Boston Place,,,Boston,22,02298
2294,Business 1,158 W Gay Street,,,West Chester,39,19380
2295,Business 1,"270 Rutherford Boulevard, 2nd Floor",,,Clifton,31,07014
2296,Business 1,"100 Federal Street, Floor 17",,,Boston,22,02110
2297,Business 1,2221 Washington Street,,,Newton,22,02462
2299,Business 1,100 Federal Street,,,Boston,22,02110
2300,Business 1,"3455 Peachtree Road NE, Suite 1100",,,Atlanta,11,30326
2301,Business 1,"100 Federal Street, Floor 17",,,Boston,22,02110
2302,Business 1,"200 West St., Fl 3",,,Waltham,22,02451
2303,Business 1,5 Harrisburg Ave.,,,Falmouth,22,02540
2306,Business 1,19 Pitcher St,,,Marion,22,02738
2307,Business 1,"600 Atlantic Avenue, 18th Floor",,,Boston,22,02210-2211
2308,Business 1,"20 Custom House Street, Suite 610",,,Boston,22,02110
2312,Business 1,100 Front Street,,,Worcester,22,01608-1477
2314,Business 1,145 Dudley Ln,,,Milton,22,02186
2315,Business 1,136 Rt. 101-a,,,Amherst,30,03031
2316,Business 1,18 Sewall Street,,,Marblehead,22,01945
2317,Business 1,2244 Alder St,,,Eugene,38,97405-2944
2320,Business 1,"53 State Street, 39th Floor",,,Boston,22,02109
2321,Business 1,"28 State Street, 25th Floor",,,Boston,22,02109
2322,Business 1,"One Penn Plaza, 43rd Floor",,,New York,33,10119
2323,Business 1,"125 High Street, 24th Floor",,,Boston,22,02110
2324,Business 1,"125 High Street, 23rd floor",,,Boston,22,02110
2325,Business 1,600 Longwater Drive SUITE 202,,,Norwell,22,02061
2326,Business 1,22 West Washington Street,,,Chicago,14,60602
2327,Business 1,22 West Washington Street,,,Chicago,14,60602
2328,Business 1,225 W. Wacker Dr.,,,Chicago,14,60606
2329,Business 1,"645 Fifth Avenue, 21st Floor",,,New York,33,10022-5910
2330,Business 1,40 Broad Street,,,Boston,22,02109
2331,Business 1,"One Beacon Street, 21st Floor",,,Boston,22,02108
2332,Business 1,99 South Bedford St Suite 105,,,Burlington,22,01803
2333,Business 1,"1 Broadway, 14th Floor",,,Cambridge,22,02142
2335,Business 1,Tunitas Creek Rd,,,Half Moon Bay,5,94019
2337,Business 1,"245 First St., 18th Floor",,,Cambridge,22,02142
2338,Business 1,"10881 Lowell Avenue, Suite 100",,,Overland Park,17,66210
2340,Business 1,445 Park Avenue,,,New York,33,10022
2341,Business 1,1 Whitman Rd,,,Swampscott,22,01907
2342,Business 1,551 Bigelow St,,,Marlborough,22,01752
2344,Business 1,605 Third Ave.,,,New York,33,10158
2347,Business 1,240 County Road,,,Ipswich,22,01938-2723
2355,Business 1,100 Summer Street,,,Boston,22,02110
2357,Business 1,c/o G. T. Reilly & Company,424 Adams Street,,Milton,22,02186
2358,Business 1,"300 Brickstone Square, 10th Floor",,,Andover,22,01810-1492
2359,Business 1,"125 Summer Street, 14th Floor, Suite 1410",,,Boston,22,02110
2361,Business 1,1 Beacon St Fl 25,,,Boston,22,02108-3107
2362,Business 1,1 Beacon St Fl 25,,,Boston,22,02108-3107
2363,Business 1,1 Beacon St Fl 25,,,Boston,22,02108-3107
2364,Business 1,Seaport West,155 Seaport Boulevard,,Boston,22,02210
2365,Business 1,Seaport West,155 Seaport Boulevard,,Boston,22,02210
2366,Business 1,Seaport West,155 Seaport Boulevard,,Boston,22,02210
2369,Business 1,"201 Jones Road, 5th Floor",,,Waltham,22,02451
2370,Business 1,3 Eliot Street,,,Natick,22,01760
2371,Business 1,"446 Main Street, 18th Floor",,,Worcester,22,01608-2368
2376,Business 1,"301 Congress Avenue, Suite 1910",,,Austin,44,78701-4041
2378,Business 1,"One International Place,  8th Floor",,,Boston,22,02110
2379,Business 1,9 Elk Street,,,Albany,33,12207
2380,Business 1,"1918 Eighth Avenue, Suite 3100",,,Seattle,48,98101
2381,Business 1,"1918 Eighth Avenue, Suite 3100",,,Seattle,48,98101
2382,Business 1,PO Box 382495,,,Cambridge,22,02238
2386,Business 1,75 East 55th Street,,,New York,33,10022
2389,Business 1,"13321 California Street, Suite 100",,,Omaha,28,68154
2390,Business 1,"280 Park Ave, 41st Floor",,,New York,33,10017
2391,Business 1,"16 East Washington Street, Suite 206",,,North Attleboro,22,02760
2392,Business 1,"300 Colonial Center Parkway,",,,Lake Mary,10,32746
2393,Business 1,"801 Market St., Suite 300",,,Philadelphia,39,19107
2394,Business 1,Route des Acacias 60,,,Geneva 73,59,CH-1211
2395,Business 1,"Moor House, Level 11",120 Holborn,,London,59,EC2Y 5ET
2396,Business 1,"Moor House, Level 11",120 Holborn,,London,59,EC2Y 5ET
2397,Business 1,Route des Acacias 60,,,Geneva 73,59,CH-1211
2398,Business 1,"1000, de la Gauchetiere Ouest, Suite 3100",,,Montreal,59,H3B 4W5
2399,Business 1,"404 Wyman Street, Suite 210",,,Waltham,22,02451-1264
2401,Business 1,P.O. Box 55060,,,Boston,22,02205-5060
2402,Business 1,"144 Turnpike Road, Suite 110",,,Southborough,22,01772
2405,Business 1,41 Welles Road.,,,Glastonbury,7,06033
2406,Business 1,900 7th St NW #1020,,,Washington,9,20001
2407,Business 1,60 Thoreau Street #304,,,Concord,22,01742
2408,Business 1,"20 Walnut Street, Suite 318",,,Wellesley,22,02481
2409,Business 1,"450 Lexington St, Ste 201",,,Auburndale,22,02466
2410,Business 1,125 High Street,,,Boston,22,02110
2411,Business 1,"100 Cambridge Street, Suite 2200",,,Boston,22,02114
2414,Business 1,258 Cottage St.,,,Franklin,22,02038
2415,Business 1,"75 Federal Street, Suite 620",,,Boston,22,02110
2416,Business 1,"75 Federal Street, Suite 620",,,Boston,22,02110
2417,Business 1,"160 Federal Street, Floors 13, 14, 15",,,Boston,22,02110-1700
2418,Business 1,"160 Federal Street, Floors 13, 14, 15",,,Boston,22,02110-1700
2421,Business 1,"885 Third Avenue, 20th Floor",,,New York,33,10022
2422,Business 1,1033 Skokie Blvd. Suite 470,,,Northbrook,14,60062
2423,Business 1,3412 Celinda Dr,,,Carlsbad,5,92008
2424,Business 1,77 Pearl Street,,,Manchester,30,03101
2425,Business 1,22 Thomson Place,,,Boston,22,02210
2426,Business 1,"121 High Streeet, Fifth Floor",,,Boston,22,02110
2427,Business 1,"40 Speen St, Suite 303",,,Framingham,22,01701
2428,Business 1,"10 Post Office Square, Suite 960",,,Boston,22,02109
2429,Business 1,"101 Federal Street, 14th Floor",,,Boston,22,02110
2430,Business 1,"RiverOak Investment Corp., LLC","One Atlantic Street, Suite 703",,Stamford,7,06901
2431,Business 1,"RiverOak Investment Corp., LLC","One Atlantic Street, Suite 703",,Stamford,7,06901
2432,Business 1,"111 Huntington Avenue, 28th Floor",,,Boston,22,02199
2433,Business 1,1101 Worcester Rd,,,Framingham,22,01701
2434,Business 1,116 Garfield St,,,Watertown,22,02472
2436,Business 1,"100 Commercial Street, Suite 405",,,Portland,20,04101
2437,Business 1,"99 High Street, 17th Floor",,,Boston,22,02110-2303
2439,Business 1,800 Boylston Street,,,Boston,22,02199-3600
2441,Business 1,"246 Walnut Street, Suite 201",,,Newton,22,02460
2442,Business 1,"246 Walnut Street, Suite 201",,,Newton,22,02460
2443,Business 1,"246 Walnut Street, Suite 201",,,Newton,22,02460
2445,Business 1,"255 State Street, 7th Floor",,,United States of,22,02109
2446,Business 1,"255 State Street, 7th Floor",,,United States of,22,02109
2447,Business 1,"1301 Second Avenue, 18th Floor",,,Seattle,48,98101
2448,Business 1,"1301 Second Avenue, 18th Floor",,,Seattle,48,98101
2449,Business 1,"1301 Second Avenue, 18th Floor",,,Seattle,48,98101
2450,Business 1,PO BOX 222325,,,Dallas,44,75222
2455,Business 1,1330 Boylston Street,,,Chestnut Hill,22,02467
2456,Business 1,1330 Boylston Street,,,Chestnut Hill,22,02467
2457,Business 1,1330 Boylston Street,,,Chestnut Hill,22,02467
2458,Business 1,1330 Boylston Street,,,Chestnut Hill,22,02467
2459,Business 1,1330 Boylston Street,,,Chestnut Hill,22,02467
2460,Business 1,1330 Boylston Street,,,Chestnut Hill,22,02467
2461,Business 1,"858 Washington Street, Suite 202",,,Dedham,22,02026
2462,Business 1,"101 Federal Street, Suite 1900",,,Boston,22,02110
2463,Business 1,"275 Washington Street, Suite 205",,,Newton,22,02458
2466,Business 1,240 Newbury Street,,,Boston,22,02116
2467,Business 1,240 Newbury Street,,,Boston,22,02116
2468,Business 1,1200 Walnut Street,,,Newton,22,02461
2469,Business 1,230 The Fenway,,,Boston,22,02115
2470,Business 1,One Winthrop Square,,,Boston,22,02110
2471,Business 1,700 Larkspur Landing Circle Suite #105,,,Larkspur,5,94939
2474,Business 1,"Three Lagoon Drive, Suite 400",,,Redwood City,5,94065
2475,Business 1,369 South San Antonio Road,,,Los Altos,5,94022
2477,Business 1,5 Dearborn Way,,,Middleton,22,01949
2478,Business 1,"75 Second Avenue, Suite 605",,,Needham,22,02494
2479,Business 1,133 Evelyn Road,,,Waban,22,02468-1034
2480,Business 1,"2424 Lincoln St, Ste 200",,,Evanston,14,60201-2151
2481,Business 1,"200 N. Mangum Street, Suite 203",,,Durham,34,27701
2482,Business 1,"225 Franklin Street, 26th Floor",,,Boston,22,02110
2483,Business 1,"33 Bruton Street, 3rd Floor",,,London,59,W1J6QU
2485,Business 1,"190 South Lasalle Street, Suite 2900",,,Chicago,14,60603
2486,Business 1,"8 North Main Street, #2",,,Concord,30,03301
2487,Business 1,"200 West Marcy Street, Suite 129",P.O. Box 1984,,Santa Fe,32,87504-1984
2488,Business 1,255 Washington Street,,,Newton,22,02458
2489,Business 1,P.O. Box 1356,,,Dedham,22,02027-1356
2490,Business 1,40 Lewis Avenue,,,Walpole,22,02081
2491,Business 1,137 Rowayton Avenue 4th Floor,,,Rowayton,7,06853
2492,Business 1,800 Boylston Street,MA1 CBO 0619,,Boston,22,02199
2493,Business 1,"750 Third Avenue, 11th Floor",,,New York,33,10017
2494,Business 1,6 North Broadway Suite 2,,,Baltimore,21,21231
2495,Business 1,"29 Commonwealth Avenue, Seventh Floor",,,Boston,22,02116
2496,Business 1,1280 Soldiers Field Road,,,Boston,22,02135
2501,Business 1,45 School St. 6th Floor,,,Boston,22,02108
2506,Business 1,101 Merrimac Street,,,Boston,22,02114
2507,Business 1,One Post Office Square,,,Boston,22,02109
2508,Business 1,55 Robin Rd,,,Weston,22,02493
2511,Business 1,131 Old Road To 9 Acre Cor,,,Concord,22,01742
2513,Business 1,300 Frank W Burr Boulevard,"Glenpointe East, 7th Floor",,Teaneck,31,07666
2514,Business 1,300 Frank W Burr Boulevard,"Glenpointe East, 7th Floor",,Teaneck,31,07666
2515,Business 1,"36 Washington Street, Suite 240",,,Wellesley Hills,22,02481
2517,Business 1,One Post Office Square,,,Boston,22,02109
2522,Business 1,88 Boyd Avenue,,,East Providence,40,02914
2523,Business 1,"Oliver Street Tower, 17th Floor, 125 High Street",,,Boston,22,02110-2704
2526,Business 1,P.O. Box 1126,,,Marblehead,22,01945
2527,Business 1,BNY Mellon Center,One Boston Place,,Boston,22,02108-4408
2528,Business 1,75 Arlington Street,,,Boston,22,02116
2529,Business 1,354 Brush Hill Road,,,Milton,22,02186
2530,Business 1,354 Brush Hill Road,,,Milton,22,02186
2531,Business 1,"10 E.40th Street, Suite 3110,",,,New York,33,10016
2532,Business 1,2 Atlantic Avenue,,,Boston,22,02110
2533,Business 1,Wellesley Office Park,20 William Street,,Wellesley,22,02481
2534,Business 1,Tufts University,160 Packard Ave.,,Medford,22,02155
2535,Business 1,2555 Ocean Ave,,,San Francisco,5,94132
2536,Business 1,"100 Grandview Road, Suite 402",,,Braintree,22,02184
2538,Business 1,P.O.Box 190461,,,Boston,22,02119
2539,Business 1,"53 State Street, 39th Floor",,,Boston,22,02109
2540,Business 1,"53 State Street, 39th Floor",,,Boston,22,02109
2543,Business 1,63 South Main Street,,,Newtown,7,06470-2134
2544,Business 1,"4 Clock Tower Place, Suite 510",,,Maynard,22,01754
2547,Business 1,"2300 North Ridgetop Road,",,,Santa Fe,32,87506
2548,Business 1,119 East Marcy Street,,,Santa Fe,32,87501
2552,Business 1,"209 West Central Street, Suite 223",,,Natick,22,01760
2553,Business 1,"401 Edgewater Place, Suite 300",,,Wakefield,22,01880-6208
2554,Business 1,1050 Island Avenue,,,San Diego,5,92101-7211
2555,Business 1,619 ADDISON ST,,,Philadelphia,39,19147
2557,Business 1,"50 Federal Street, 6th Floor",,,Boston,22,02110
2558,Business 1,100 Federal Street,,,Boston,22,02110
2559,Business 1,"1801 13th Street, Suite 100",,,Boulder,6,80302
2560,Business 1,"1501 K Street NW, Suite 1100,",,,Washington,9,20005
2562,Business 1,"One Post Office Square, 32nd + 33rd Floors,",,,Boston,22,02109
2563,Business 1,The Galleries,"440 South Warren Street, 6th Floor",,Syracuse,33,13202
2564,Business 1,"One Post Office Square, 32nd + 33rd Floors",,,Boston,22,02109
2565,Business 1,"3711 John F. Kennedy Parkway, Suite 410",,,Ft. Collins,6,80525
2569,Business 1,100 Vanguard Boulvard,,,Malvern,39,19355
2570,Business 1,356 Bush Street,,,Mountain View,5,94041
2571,Business 1,"99 Summer Street, Suite #M100",,,Boston,22,02110
2572,Business 1,"99 Summer Street, Suite #M100",,,Boston,22,02110
2573,Business 1,"124 Washington Street, Suite 101",,,Foxboro,22,02035
2574,Business 1,Cira Center,"2929 Arch Street, Suite 1800",,Philadelphia,39,19104-7324
2575,Business 1,54 Buckingham St,,,Cambridge,22,02138
2576,Business 1,32 Royal Road,,,Belmont,22,02478
2577,Business 1,627 Harland St.,,,Milton,22,02186
2578,Business 1,"4705 S. Apopka Vineland Road, Suite 210",,,Orlando,10,32819
2580,Business 1,Wake Forest University,Babcock Graduate School of Management,"P.O. Box 7659, Reynolda Station",Winston-Salem,34,27109
2581,Business 1,200 High Street,,,Boston,22,02110
2582,Business 1,Hillsite Office Building,"75 Second Avenue, Suite 620",,Needham,22,02494
2584,Business 1,P.O. Box 2172,,,Milwaukee,50,53201-2172
2585,Business 1,150 Social Hall Avenue 4th Floor,,,Salt Lake City,45,84111
2586,Business 1,"6001 Broken Sound Pkwy, Suite 320",,,Boca Raton,10,33487
2587,Business 1,"180 Battery Street, Suite 300",,,Burlington,46,05401
2588,Business 1,12 East 49th Street 20TH FLOOR,,,New York,33,10017
2589,Business 1,90 State House Square,,,Hartford,7,6103-7283
2590,Business 1,"One Boston Place, 27TH FLOOR",,,Boston,22,02108
2591,Business 1,Wellesley Office Park,"100 William Street, Suite 200",,Wellesley,22,02481
2592,Business 1,"Av D'Ouchy 29",,,Lausanne,59,CH 1006
2593,Business 1,Wellesley Office Park,"20 William Street, Suite 130",,Wellesley,22,02481
2594,Business 1,5 Dearborn Way,,,Middleton,22,01949
2595,Business 1,"3625 Cumberland Boulevard, Suite 400",,,Atlanta,11,30339
2598,Business 1,222 West Adams Street,,,Chicago,14,60606
2599,Business 1,222 West Adams Street,,,Chicago,14,60606
2601,Business 1,"One International Place, 33rd Floor",,,Boston,22,02110
2602,Business 1,99 High Street,,,Boston,22,02110
2604,Business 1,"801 Main Street, Suite 14",,,Concord,22,01742
2605,Business 1,25 Mall Road,,,Burlington,22,01803
2606,Business 1,"20 Church Street, Suite 730",,,Hartford,7,06103
2607,Business 1,"20 Church Street, Suite 730",,,Hartford,7,06103
2608,Business 1,324 Paseo de Peralta,,,Santa Fe,32,87501-1861
2609,Business 1,Oliver Street Tower,"125 High Street, 16th Floor",,Boston,22,02110
2610,Business 1,"One South Wacker Drive, Suite 2700",,,Chicago,14,60606
2611,Business 1,"77 Franklin St., Suite 4",,,Boston,22,02110
2612,Business 1,"50 Congress Street, Suite 1040",,,Boston,22,02109
2613,Business 1,Zions Bank,50 Glen Avenue,,Newton Center,22,02549
2614,Business 1,Zions Bank,50 Glen Avenue,,Newton Center,22,02459
